no,url,article_title,article_desc,article_content,semaine,média,article repris,rubrique
1,https://pro.swissdox.ch/fr/share/articles/decadree%2540gmail.com/le%2520temps%2520Blake/eyJmbHQiOlt7ImZsIjoiZG9jdW1lbnRfaWQiLCJ2YWwiOlsiNTU3MzI0NjgiXX1dLCJzcnQiOnsiZmwiOiJkb2N1bWVudF9pZCIsImRpciI6ImFzYyJ9LCJleHQiOnRydWV9 ,"Blake Lively contre Justin Baldoni, nouvelle affaire #MeToo à Hollywood sur fond de pseudo-féminisme ",La plainte de l’actrice américaine pour harcèlement sexuel contre celui avec qui elle partage l’affiche dans «Jamais plus» lève le voile sur le pseudo-féminisme de l’acteur et les entreprises qui visent à ruiner la réputation des stars ,"Le Temps
8 min. de lecture 
Résumé en 20 secondes
Hollywood est rattrapé par un scandale de harcèlement sexuel survenu sur le film Jamais Plus racontant comment une femme échappe… à un mari toxique.
L’actrice Blake Lively accuse son partenaire à l’écran Justin Baldoni de baisers trop appuyés et d’incitations à se dénuder.
L’acteur ne cesse de faire l’apologie du féminisme et s’érige en défenseur des victimes sur les réseaux sociaux.
L’actrice dénonce une posture et met en évidence une campagne de dénigrement orchestrée par l’acteur pour lui nuire.
A l’écran, Lily Bloom voulait seulement trouver l’amour, le vrai, repousser un mec relou et nous vendre ses jolies fleurs. Mais le monde est vraiment trop cruel. Après avoir vu Lily, l’héroïne meurtrie et opiniâtre de Jamais plus (It Ends with Us en VO, sorti en août 2024), incarnée par l’actrice Blake Lively, reconstruire sa vie, échapper aux brutalités d’un beau mari tourmenté et ouvrir enfin sa boutique de fleuriste, des millions de fans du dernier succès des studios Wayfarer et Sony Pictures, revisitent leurs illusions. Le monde des studios et toute la presse américaine consternée s’étonnent que ce touchant mélo ciblé pour l’ère post-Harvey Weinstein ait pu accoucher de tant de rage, de procès entre stars pour calomnie et harcèlement sexuel, d’une plainte pour «diffamation» contre le New York Times et surtout révélé les bas-fonds crasseux d’Hollywood au temps des réseaux sociaux: les vilenies des services de presse, les campagnes de dénigrement de femmes exécutées par des armées de trolls professionnels, qui augurent d’une nouvelle litanie de scandales et, peut-être, d’une seconde ère #MeToo.
Jamais plus avait pourtant tout d’un émouvant miracle. Inspiré du best-seller de Colleen Hoover, vendu à 10 millions d’exemplaires depuis sa sortie en 2016, le film, tourné pour 25 petits millions de dollars en 2023, en a engrangé 400 millions depuis sa sortie en août 2024. Un jackpot inespéré pour ses producteurs initiaux, Jamey Heath et Justin Baldoni, cofondateur de Wayfarer, ainsi que réalisateur et acteur principal, avec Blake Lively, dans le rôle de Ryle Kincaid, mari abusif de Lily Bloom à l’écran. Sony Pictures, chargé de la distribution, salivait dès les dernières prises à l’idée d’une suite et d’une franchise douce-amère, mariant l’eau de rose aux sujets des droits des femmes et des violences conjugales.
Un acteur qui se présente comme un «mec bien»
Mais les rumeurs étranges bruissaient déjà de Beverly Hills à New York. Mi-août, peu après la sortie du film, TMZ, chef de file des tabloïds sur YouTube, s’étonnait de l’absence de Justin Baldoni de nombreux événements liés à la première, et des séances photos toujours séparées des deux acteurs, fourbissant bientôt une vidéo clandestine prise pendant le tournage dans les rues d’Hoboken, près de New York, qui semblait montrer une vive discussion, presque une altercation entre Lively et Justin Baldoni. Querelle créative entre un réalisateur et son actrice?
Blake Lively (à g.) et Justin Baldoni sur le décor du film 
Selon eux, Blake Lively, érigée en célébrité autant par son mariage avec l’acteur Ryan Reynolds que par ses performances d’adolescente fantasque dans Gossip Girl et The Sisterhood of the Traveling Pants (2005), aurait voulu édulcorer le film pour en promouvoir la trame romantique au détriment du message sulfureux contre la violence conjugale, trop dérangeant pour ses 45 millions de followers sur Instagram. Justin Baldoni, pour sa part, multipliait les interventions en ligne, écumait depuis août les fanzines hollywoodiens pour rappeler le sort douloureux des victimes de relations abusives et marteler son credo féministe. Dès 2017, l’acteur avait façonné son image d’homme éclairé post-#MeToo par un Ted Talk renommé, intitulé «Man Enough», exhortant la gent masculine à se montrer «assez homme» pour s’ériger contre les mufleries sexistes et le harcèlement sexuel, et apprendre à «savoir se taire pour écouter la voix des femmes de nos vies». A la même époque, l’acteur réalisateur a lancé un talk-show masculin diffusé sur sa plateforme Wayfarer Entertainment, puis un podcast, Man Enough agrémenté de tables rondes de machos repentis.
En septembre 2024, fidèle à sa réputation, il poste, au nom de Jamais plus sur sa page Instagram, une missive adressée aux «survivantes» d’agressions sexuelles, louant «leur résilience et leur courage»; point de départ d’une campagne à thème personnelle de «mec bien» patenté sur tous les médias qui lui vaut de recevoir, le 9 décembre, «pour son courage et sa compassion dans la défense des causes féminines», l’insigne honneur du prix des «voix de la solidarité» par l’influente association Vital Voices de femmes leaders du business.
Violente campagne de dénigrement
Le contraste avec Blake Lively est saisissant. Au même moment, l’actrice, qui jure depuis avoir suivi à la lettre le «plan média» du studio, se borne à des «événements légers», pleins d’arrangements floraux évoquant son personnage du film, d’interviews guillerettes sur la force de l’amour «plus forte que toute injustice et iniquité». Tandis que des milliers d’internautes la jugent «à côté de la plaque» sur les réseaux sociaux, divers articles goguenards ou vachards dans les pages ragots du Daily Mail et du New York Post la décrivent comme au mieux écervelée, au pire motivée moins par la cause des femmes que par ses business annexes, une firme de produits pour cheveux montée depuis sept ans, une autre de boissons en canette – Betty Booze pour les cocktails, Betty Buzz pour les sodas naturels. Sur Insta et TikTok, sa cote s’effondre, sans autre explication que la rogne soudaine d’un public jusqu’alors dévoué.
La paria relève pourtant la tête le 20 décembre. Blake Lively et son escouade d’avocats déposent ce jour-là devant une juridiction californienne, à la surprise générale, une plainte de 81 pages contre le réalisateur, acteur et producteur Justin Baldoni, son partenaire Jamey Heath et leur armée d’officiants de com, les accusant de «harcèlement sexuel et moral», de représailles et de persécutions diverses, incluant la ruine des entreprises de l’actrice. La litanie des charges lève avant tout le voile sur la rude réalité du tournage. Blake Lively assure qu’en janvier 2024, au retour d’un long d’arrêt de la production pour cause de grève générale des acteurs d’Hollywood, elle a convoqué toute l’équipe, dont Justin Baldoni, pour exiger un nouvel accord sur les conditions de travail du film. L’actrice exige la présence sur le set d’un «coordinateur d’intimité», l’un de ces consultants fort demandés depuis l’irruption de #MeToo, chargé de mesurer la conformité des tournages de scènes de sexe et de limiter l’inconfort des actrices.
Blake Lively et Justin Baldoni (de dos) sur la le set du film 
Justin Baldoni, tout militant féministe qu’il est, avait dépassé les bornes lors de baisers trop fougueux, fait irruption dans sa loge lorsqu’elle était presque nue en cours de démaquillage ou en train d’allaiter son petit dernier, demandé instamment des scènes de sexe absentes du scénario. L’acteur l’avait lourdement informée de son goût passé pour les films pornos, l’invitant par provoc à tenter l’expérience. Dans le film, Lily Bloom donne naissance à son enfant, et Justin Baldoni avait imposé à l’actrice, quatre fois mère à la ville, une vidéo de l’accouchement de sa propre femme pour l’inciter à se dénuder un peu plus pendant la scène, tournée par ailleurs sans les égards d’une équipe réduite et en la présence inutile du coproducteur, Jamey Heath. L’acteur réalisateur lui reproche aussi son poids et approche à son insu son coach sportif pour s’assurer qu’il lui fera perdre des kilos.
«Nous pouvons enterrer n’importe qui»
L’accord semble remédier aux débordements passés. Il incluait aussi une clause interdisant toutes représailles pour les reproches formulés par l’actrice. La clause n’a pas été respectée, loin de là. Selon un article du New York Times paru au lendemain de la plainte, Justin Baldoni, voyant avec angoisse approcher la date de sortie du film et monter l’attention des médias, a requis secrètement les services d’une pro de la communication de crise, Melissa Nathan, connue à Hollywood pour avoir ravagé la réputation et la crédibilité d’Amber Heard lors du procès en diffamation que lui avait intenté son ex-conjoint Johnny Depp en réponse à ses accusations de violences domestiques.
Là encore, le contrat est édifiant. Il inclut la mise à disposition d’une équipe de crise 24h/24, diverses «manipulations sociales», la «diffusion de fils de théories», «en attachant la plus grande importance à leur «intraçabilité». Jennifer Abel, communicante habituelle de Wayfarer, propose de répandre dans la presse et sur internet un narratif prêtant à Blake Lively des intentions bassement mercantiles, comme celle de s’arroger les pleins pouvoirs sur la production du film en dénigrant l’acteur réalisateur. Justin Baldoni, selon la plainte, veut aller plus loin, et exige une offensive qui «lui permettrait de se sentir mieux protégé». Les échanges de messages entre Nathan et Abel dessinent alors une froide stratégie de destruction de l’adversaire. «S’il veut l’enterrer, la détruire, nous ne pouvons pas laisser la moindre trace écrite, confie Melissa Nathan. Mais nous pouvons enterrer n’importe qui.»
Relation tendue entre Blake Lively et Justin Baldoni sur le tournage du film 
Le plan propose un choix d’angles d’attaque: Blake Lively est à côté de la plaque sur le vrai thème du film, la violence domestique; ou elle cherche cyniquement à se parer de féminisme pour ses intérêts personnels. Elle a mauvaise réputation dans l’équipe de tournage; ses méthodes sont brutales… Elle n’est pas si sympa. Autant de «points forts» distillés au compte-goutte, entre deux regards ou textos entendus, à la nuée de journalistes spectacles en quête de biscuit sur le film. Le rythme s’accélère à la sortie de Jamais plus. La presse ignore que toute l’équipe du film s’est désabonnée des comptes de réseaux sociaux de l’acteur pour marquer son mécontentement sur son attitude pendant le tournage. Sans comprendre que l’acteur réalisateur est persona non grata aux événements de promo, les médias gobent qu’il s’est façonné une mission sur mesure, celle de promouvoir le thème si douloureux des violences infligées aux femmes.
Hollywood, ton univers impitoyable
En coulisses, Melissa Nathan a aussi contacté Jed Wallace, patron de Street Relations, une officine texane spécialisée dans les campagnes de relations publiques «tout terrain», rompue dans l’art de l’«astroturfing», la diffusion par le biais d’armées de trolls ou d’influenceurs de rumeurs propres à «définir une personnalité ou un acteur» et conçues pour apparaître comme des commentaires spontanés d’internautes. Des vidéos d’interviews vieilles de huit ans, réputées peu flatteuses pour Blake Lively, fusent du compte d’une journaliste suédoise à Hollywood. Le Daily Mail passe l’actrice au laminoir, énumérant ses bourdes supposées et lui reprochant jusqu’au lieu de son mariage en 2012, dans une ancienne plantation sudiste trop liée à l’histoire de l’esclavage, tandis que Nathan et Abel se félicitent du carnage, réel, infligé à sa réputation sur les réseaux sociaux.
La plainte de Blake Lively, assortie de dizaines de copies de messages des communicantes, crée la stupeur et les remords des médias. Le Guardian s’excuse d’être tombé dans le panneau par ses commentaires négatifs sur l’actrice de Jamais plus. Dans Puck, l’éditorialiste Matthew Belloni érige les communicantes du film en méchantes de l’année, blâmant une industrie des relations publiques recyclée dans la guérilla sanglante, peuplée «d’opérateurs politiques prêts à détruire si on y met le prix». Il évoque aussi la vulnérabilité des stars d’aujourd’hui, un «complexe industriel de célébrités» dont la fortune, souvent éphémère, dépend plus que jamais du «branding» personnel et de qualités peu définissables comme «l’image publique, les bonnes intentions et, pour certains, le talent».
Justin Baldoni, pour toute réponse, a choisi de poursuivre… le New York Times en diffamation pour avoir publié la plainte de Blake Lively sans en vérifier les accusations et réclame 250 millions de dollars (242 millions d’euros) de dédommagement. Sa colère tient aussi à un détail: l’une des rédactrices de l’article, Megan Twohey, est la coautrice de l’enquête qui a révélé les accusations de viols et d’agressions sexuelles visant Harvey Weinstein en 2017. Blake Lively, elle, réplique par un nouveau procès dans une Cour fédérale de New York, arguant cette fois de représailles illégales commises par son partenaire à l’écran. L’affaire de Jamais plus s’érigera peut-être un jour en trépidante et lucrative série judiciaire. En attendant, elle en dit long sur l’eau de rose hollywoodienne et son univers impitoyable.
",2,3,2,8